id,confidence,title,source_name,domain,published_at,url,query
0fc9c5346cffe098,0.0,Age–sex heterogeneity among Russia’s indigenous small-numbered peoples: a census-based typology and the statistical core-region condition - Frontiers,Frontiers,news.google.com,2026-04-18T00:42:08+00:00,https://news.google.com/rss/articles/CBMilwFBVV95cUxPcjhnUVVpU29YOG53SGFwRDZZd2E5VGhHYk9rWHJzSUN2MXNxbERDY1drcGFXYl95VTB5VnpQdFBiU2RaT2gtRWVfV2NLd1U5aUhOUG93T1B6aktJTmNqVV9aaHJSZkdwRndheWREQVFKYXBKdlQ3dlVKejZERS1uaGllakRldVlIRC1ZNXdCQWdKREQxczdz?oc=5,"""Arseniy M. Sitkovskiy"""
b7f954fa265ddc20,0.0,Очень скоро россиян моложе 35 лет останется лишь четверть населения — в 1990-м они составляли его половину. Что будет дальше? - Собака.ru — Журнал о людях в Петербурге,Собака.ru — Журнал о людях в Петербурге,news.google.com,2026-02-18T08:00:00+00:00,https://news.google.com/rss/articles/CBMiUEFVX3lxTE1pSk9feksxTUJEOU0tVDU2b09KTldmR3pDUy1ZbkpaVWU4eERCZEd5RlhBME1UQ1FVcmwxaEdCTnBjWmMtMmxpd1pNcmJVT3Bx?oc=5,"""Арсений Ситковский"""
9cd310d739d9ed2c,0.0,Общество суперзрелости: мы стремительно стареем - Росбалт,Росбалт,news.google.com,2026-01-31T08:00:00+00:00,https://news.google.com/rss/articles/CBMimgFBVV95cUxQYlVsRXpJSFVfV3RXOE1sV05xT2VkdEVEbFM2X0RRblhaaVBiZWFSdmpSZzlYTjFDemxuZHRaRmtwS3hqd3JYWEloekVlNUdtU0lOekpsQmN2aWhBOFFxVEktVDhEcGtLbVJYYkcyRkRUeHB5cTNrLTR4OG1ic0l0Y2lGYWRQd2JXcERjdDB2dndrOW5wT19JOV9n?oc=5,"""Арсений Ситковский"""
01bef29e5723ecb2,0.2,Критические отзывы граждан можно использовать для управления страной / Экономика - Независимая газета,Независимая газета,news.google.com,2025-12-24T08:00:00+00:00,https://news.google.com/rss/articles/CBMiZ0FVX3lxTE5Tb0ZlY1p2UmpNN1E4UHpuQm9sMzNHNXV6dnQ2VGRiaDdVcHVLYUNwX1dvd0tGUWpVcFNsdVFjb3o3VU16WEZiY3h2WWhNM3FILVltQkpIVXFFQms4bUhlS0lSSEhQU2s?oc=5,"""Арсений Ситковский"""
19c7d0194b912ddf,0.2,Образовательная миграция разделила страну на три неравные части / Экономика - Независимая газета,Независимая газета,news.google.com,2025-06-08T07:00:00+00:00,https://news.google.com/rss/articles/CBMia0FVX3lxTE1FdlA1NE5BZlBzNHFwRm1vTTd6OU9XMDhwZmVxNXowc1hkMTk4OFFENVViSThmamYzRDhiTlUwR0c0QnZaM2NPbTBIRTltc1g2dnp3Z05CRFZrWVpmNUdyS1VRZnpQdjJLVGM0?oc=5,"""Арсений Ситковский"""
38507984d8afd6cb,0.0,Геоданные и ГИС: методический семинар программы Цифровой кафедры - МГИМО,МГИМО,news.google.com,2024-10-17T07:00:00+00:00,https://news.google.com/rss/articles/CBMigAFBVV95cUxPcWVlbjh5YWJZbEZuYVRvajd6WUFvNnpIZFJ3Y2x3UmZKbjJQYm9WQ19MYXRwVjRUR256QzVWS1FtdUFKX3RJVHN4eUhlMDZxS1UxOUdpWGtTRVdHdllFU3hYZXFOVV92MEhXWnItMGtDdFJ5OEFlQ3dOeHVHcDRVVA?oc=5,"""Арсений Ситковский"""
f7ddbcefdd22d806,0.0,На Ставрополье празднуется 95 лет со дня образования Левокумского района - Блокнот Ставрополь,Блокнот Ставрополь,news.google.com,2019-04-13T07:00:00+00:00,https://news.google.com/rss/articles/CBMilwFBVV95cUxOaTdVMFVwUVMzc0JTSlNjaDItN011Y3BOXzM2d20xUVNRRTA2ckNhX3RfQW1IRklBVXJuVWFmZWZJMEZBUGJ2UHhkUk1IWFhkdENXT1U4cWVnZXoxUFN2QWtyWDBoaFhGLTNpRTc2UW40TElWN1lDQlpyajdzM3JPLTlId09QbG9Xc1VFeTM2TXVoeHdWemFJ?oc=5,"""Ситковский А.М."""
216ebc56f15e5e46,0.0,"Толкователь “Димочка, пожалуйста, живи. Мама рядом.” - шептала мама у койки. Обычный 17-летний парнишка просто",tolk_tolk,t.me,,https://t.me/tolk_tolk/28523,
b20f51d1c3388bf5,0.0,"Толкователь Я уже много раз говорил, что пугать землян «изменением климата» - это слабоумие. Климат на Земле м",tolk_tolk,t.me,,https://t.me/tolk_tolk/29027,
d6ce8bcc6c403f2b,0.2,"Толкователь Я согласен с уважаемым Евгением Кузнецовым, что СССР с научной, а не публицистической, точки зрени",tolk_tolk,t.me,,https://t.me/tolk_tolk/29178,
2cf44f3d70376e82,0.2,"Толкователь Я не раз писал и приводил примеры, что высшая знать царской России в подавляющем числе случаев ста",tolk_tolk,t.me,,https://t.me/tolk_tolk/28734,
5529b9b0de1e160b,0.25,"Толкователь Я много раз повторяю, что наши российские мужчины наконец-то должны научиться ценить, любить самих",tolk_tolk,t.me,,https://t.me/tolk_tolk/29288,
0ce8cbd4a03841f1,0.0,"Толкователь Я думал, что фальшивомонетчество ушло уже. Но нет. «Житель столицы разработал схему хищения и прив",tolk_tolk,t.me,,https://t.me/tolk_tolk/29367,
0d4fb8a5a99df894,0.0,"Толкователь Я вот смотрю на статистику по рынку труда регулярно, и в IT она в последние месяцы становится всё",tolk_tolk,t.me,,https://t.me/tolk_tolk/29517,
48e242c9a5721f6b,0.2,"Толкователь Чтобы ИИ очеловечился, ему нужно приделать … половой орган Много сегодня говорят о том, что ИИ вых",tolk_tolk,t.me,,https://t.me/tolk_tolk/29514,
53ac3f139245f5cc,0.2,"Толкователь Что не так с «брачным рынком» в России и Китае? Обобщил в небольшом посте на 7,5 тыс. знаков, что",tolk_tolk,t.me,,https://t.me/tolk_tolk/28544,
8dc51867c72bf89e,0.25,"Толкователь Читаю западных экономистов, почему Китай смог вырваться из нищеты, а Индия – нет (хотя ещё в 1980-",tolk_tolk,t.me,,https://t.me/tolk_tolk/28592,
1dbccd293fd1105a,0.2,"Толкователь Часто упоминал, что в новое время ограбление государством церквей было повсеместной практикой для",tolk_tolk,t.me,,https://t.me/tolk_tolk/29356,
ba75b373bc35a4da,0.2,"Толкователь Часто привожу данные социологов, каких политических взглядов придерживаются россияне. А вот исслед",tolk_tolk,t.me,,https://t.me/tolk_tolk/28571,
bc0349abb970f509,0.2,Толкователь Часто можно увидеть словесные баталии вокруг распространённого желания 35-40-летних мужчин взять с,tolk_tolk,t.me,,https://t.me/tolk_tolk/28600,
50cdd50a7d984854,0.2,Толкователь Хроническая беда российско-советско-российской экономики – отсутствие производства потребительских,tolk_tolk,t.me,,https://t.me/tolk_tolk/29233,
4e1d259ee75fc92e,0.0,"Толкователь Хорошо известно, что начальное казачество было «мужским братством», без женщин. Но казаки всё же о",tolk_tolk,t.me,,https://t.me/tolk_tolk/28521,
e632519b181e734b,0.0,Толкователь Хороший способ повысить производительность писательского труда. Роман «451 градус по Фаренгейту» Р,tolk_tolk,t.me,,https://t.me/tolk_tolk/28530,
dd06605506dee631,0.2,Толкователь Фактически половина женщин с детьми в возрасте до 2 лет уже выходят на работу. Также постепенно ух,tolk_tolk,t.me,,https://t.me/tolk_tolk/28540,
0c32882a7569cad9,0.25,"Толкователь Устоявшееся мнение, что в позднем Средневековье главными торговцами Европы и Ближнего востока были",tolk_tolk,t.me,,https://t.me/tolk_tolk/29524,
2a895f3a05ff5680,0.2,Толкователь Уровень заболеваемости ВИЧ по группам в США. Что-то запредельная доля больных среди трансов – кажд,tolk_tolk,t.me,,https://t.me/tolk_tolk/28891,
269631140594ded2,0.0,Толкователь Умные мужчины живут дольше. Более высокий IQ связан с пониженным риском смерти от большинства прич,tolk_tolk,t.me,,https://t.me/tolk_tolk/29173,
a668ce5cb1781828,0.2,"Толкователь Увидел, сколько стоил перелёт на дирижабле из США в Германию (из Нью-Джерси во Франкфурт) в 1937 г",tolk_tolk,t.me,,https://t.me/tolk_tolk/29523,
9f3559d855f73416,0.0,"Толкователь Увидел печальную статистику: «Смертность российских мужчин в тюрьмах оказалась втрое ниже, чем на",tolk_tolk,t.me,,https://t.me/tolk_tolk/28527,
7ba371d09c119bad,0.2,"Толкователь Увидел очередное исследование, шведское, о том, что гендерная разница в оплате труда связана почти",tolk_tolk,t.me,,https://t.me/tolk_tolk/28664,
f5332e7bb778b0fa,0.2,Толкователь Увидел интересный взгляд немецкого историка урбанизации Карла Шлегеля на жизнь городов РИ-СССР-РФ,tolk_tolk,t.me,,https://t.me/tolk_tolk/28516,
7b37a92c338ef9d5,0.25,"Толкователь Ув. Роман Юнеман и его общественная группа выпустила доклад по мерам, которые, как предполагается,",tolk_tolk,t.me,,https://t.me/tolk_tolk/28557,
37e466894c40d8ab,0.2,"Толкователь Ув. Дмитрий Прокофьев верно отмечает, почему сейчас стали гораздо меньше пить водки, чем в СССР (и",tolk_tolk,t.me,,https://t.me/tolk_tolk/29230,
5441e95edab36bc0,0.0,Толкователь У советско-американского политического философа Игоря Ефимова (он эмигрировал из СССР в США в 1978,tolk_tolk,t.me,,https://t.me/tolk_tolk/29433,
e9dbb1d4a83070d0,0.2,"Толкователь У знаменитого американского военного историка, полковника Меннинга есть верное замечание, что везд",tolk_tolk,t.me,,https://t.me/tolk_tolk/29024,
b17eb08f05b98d4d,0.25,Толкователь У американских демографов увидел данные об «эпидемии чайлдфри» (нежелания иметь детей) у китайских,tolk_tolk,t.me,,https://t.me/tolk_tolk/28513,
0227e2e44616e5d8,0.0,Толкователь Традиционная рубрика: мониторинг одной и той же заправки на въезде в нашу Загорянку. Сфотографиров,tolk_tolk,t.me,,https://t.me/tolk_tolk/29170,
20889b9d5b91dc0e,0.2,Толкователь Тот же тест на Бусти: https://boosty.to/ppryanikov/posts/850b274a-5478-4c08-a1a9-6931d35246b1 В Ро,tolk_tolk,t.me,,https://t.me/tolk_tolk/29227,
8d65410d821361ba,0.2,"Толкователь Только в 1990-е стали осторожно говорить, что трагедия Хатыни – дело рук украинских коллаборациони",tolk_tolk,t.me,,https://t.me/tolk_tolk/29304,
09c5a3a31e3a3772,0.2,"Толкователь Только 37% американцев поддерживают войну США с Ираном, не поддерживают – 55% (на графике – средня",tolk_tolk,t.me,,https://t.me/tolk_tolk/29290,
4680217ad043ee49,0.0,"Толкователь Толкователь Россия, которую мы потеряли, и сегодня снова нашли. Тут конкретный пример, как начальс",tolk_tolk,t.me,,https://t.me/tolk_tolk/28578,
033e472f71800691,0.0,"Толкователь Толкователь Ради объективности, у администрации Трампа точно есть минимум одно достижение для Амер",tolk_tolk,t.me,,https://t.me/tolk_tolk/29351,
daefeb4c1b276fda,0.0,"Толкователь Толкователь Почему со времени античности такой широкий спрос был на благовония? Популярное мнение,",tolk_tolk,t.me,,https://t.me/tolk_tolk/29437,
ca954ceb758d7653,0.2,Толкователь Толкователь Основа woke-движения – это добиться признания себя ущемлённой группой. В развитых стра,tolk_tolk,t.me,,https://t.me/tolk_tolk/29522,
f5508520084219d5,0.0,"Толкователь Толкователь О главной роли Дзержинского. Как вчера уже упоминал, на даче перечитываю бумажный архи",tolk_tolk,t.me,,https://t.me/tolk_tolk/28603,
a74ff03ff6c3a5cc,0.25,Толкователь Толкователь Ещё один вывод советских демографов и социальных психологов: «Массово материальное сти,tolk_tolk,t.me,,https://t.me/tolk_tolk/28725,
fca112a2e5e5a91b,0.2,"Толкователь Толкователь В работе нашего великого политического философа Александра Ахиезера (2002 год), посвящ",tolk_tolk,t.me,,https://t.me/tolk_tolk/28893,
f2ffe05ce2bb7a2c,0.0,Толкователь Толкователь А Дедушка Твиттлер развёл узаконенное взяточничество в кубе – через его мемкоины (крин,tolk_tolk,t.me,,https://t.me/tolk_tolk/28579,
735c406cbdba5103,0.2,"Толкователь Толкователь (к предыдущему посту) Мальчики из неполных, материнских, семей, тоже с самого детства",tolk_tolk,t.me,,https://t.me/tolk_tolk/29171,
20abcb3fdd62dc6d,0.2,"Толкователь Толкователь (к предыдущему посту) К сожалению, дичает и Израиль. Его результаты в PISA-2025 уже ху",tolk_tolk,t.me,,https://t.me/tolk_tolk/29508,
a54d70ca7cf083da,0.0,"Толкователь Технологический суверенитет принято обсуждать через заводы, станки и объём инвестиций. Но нельзя з",tolk_tolk,t.me,,https://t.me/tolk_tolk/28564,
bb8cdbfdf79a4510,0.2,Толкователь Таблица -главные экспортёры оружия в межвоенный период 1920-1938 годы. Из этого исследования . Я н,tolk_tolk,t.me,,https://t.me/tolk_tolk/28885,
27e898dc5d7afbf6,0.2,"Толкователь Сфотографировал сегодня у нас в Загорянке, на площади рядом с платформой. Всё увешано рекламой «ра",tolk_tolk,t.me,,https://t.me/tolk_tolk/28522,
f1a907c68ebcea01,0.2,"Толкователь Существовал ли на самом деле Ермак? История с «Ермаком» показательная, как на самом деле составляе",tolk_tolk,t.me,,https://t.me/tolk_tolk/28606,
e4e7bf765fe870df,0.0,"Толкователь Старики во все времена недовольны молодёжью, считая, что молодёжь испортилась по сравнению с ними.",tolk_tolk,t.me,,https://t.me/tolk_tolk/29518,
04d0408d9fc3a66a,0.0,"Толкователь Согласно недавно опубликованному исследованию , люди, которые считают себя жертвами, с большей вер",tolk_tolk,t.me,,https://t.me/tolk_tolk/29366,
7353562cb8933c8b,0.2,Толкователь Снова к главному празднику Системы РФ – победе над ГКЧП 21 августа 1991 года («истоки нашего режим,tolk_tolk,t.me,,https://t.me/tolk_tolk/29291,
c34620a31768ff24,0.2,Толкователь Сможет ли из России получиться Финляндия? Или Австралия-Канада-2? А может Польша-2 или ЮАР-2 (врем,tolk_tolk,t.me,,https://t.me/tolk_tolk/28658,
004bb587493fcb40,0.25,"Толкователь Сколько царская охранка платила рабочим активистам, соглашавшимся работать с ней: «Слепов рассказы",tolk_tolk,t.me,,https://t.me/tolk_tolk/29362,
02576b8a8ce2be0b,0.2,"Толкователь Сегодня многие социальные антропологи исследует, что происходит с современным обществом, в котором",tolk_tolk,t.me,,https://t.me/tolk_tolk/28729,
07c0dfe041eb058e,0.0,Толкователь Самые отталкивающие и самые притягательные факторы в потенциальном муже/жене. Данные по очень боль,tolk_tolk,t.me,,https://t.me/tolk_tolk/28656,
21c4833b731ab41e,0.2,Толкователь Самые опасные профессии среди мужчин и женщин – в которых существует наибольшая вероятность получе,tolk_tolk,t.me,,https://t.me/tolk_tolk/29017,
263b4600c09c1a2e,0.0,"Толкователь Россия, которую мы потеряли, и сегодня снова нашли. Тут конкретный пример, как начальство тогда си",tolk_tolk,t.me,,https://t.me/tolk_tolk/28577,
a4bdd20b8a85f379,0.0,Толкователь Россия – мировой лидер по представленности женщин среди руководителей. Данные за 2017 год (и – от,tolk_tolk,t.me,,https://t.me/tolk_tolk/28548,
27c15864b0874ca6,0.25,"Толкователь Рождаемость, СКР на женщину, в Иране. В столице Тегеране показатель опустился до 1,02. (относитель",tolk_tolk,t.me,,https://t.me/tolk_tolk/29294,
3007c468b45f0def,0.25,Толкователь Рождаемость в развитых странах сегодня зависит от множества факторов. И один из них - насколько бо,tolk_tolk,t.me,,https://t.me/tolk_tolk/28894,
198b90de6547066e,0.2,"Толкователь Редкий случай. Ну вот, можно же работать с американским бигтехом в правовом поле – как это делают",tolk_tolk,t.me,,https://t.me/tolk_tolk/28552,
c635d3c27dba94f0,0.2,Толкователь Распространённая ситуация в социуме – это добровольный выбор частью женщин подлецов и негодяев. Ра,tolk_tolk,t.me,,https://t.me/tolk_tolk/29525,
d473dd9ad61b6430,0.2,Толкователь Раньше интеллигенция и служащие ездили на овощебазы и в колхозы убирать картошку и кормовую свёклу,tolk_tolk,t.me,,https://t.me/tolk_tolk/28546,
4899fd345668a0b0,0.2,"Толкователь Ради объективности, у администрации Трампа точно есть минимум одно достижение для Америки – это ре",tolk_tolk,t.me,,https://t.me/tolk_tolk/29350,
15341b7844b2407c,0.2,"Толкователь Прочитал в интернете — 15 метров высоты достигала волна цунами, обрушившаяся на юг Камчатки после",tolk_tolk,t.me,,https://t.me/tolk_tolk/28504,
99e93d277f2463a8,0.0,Толкователь Проехался сегодня по Подмосковью. На Ярославском шоссе в области везде видел очереди на заправках,tolk_tolk,t.me,,https://t.me/tolk_tolk/28722,
355333ca176f8f63,0.2,"Толкователь Продолжая читать книгу социального антрополога, профессора одного американского университета (кото",tolk_tolk,t.me,,https://t.me/tolk_tolk/28599,
a9b1a37116e34fa5,0.0,Толкователь Продолжая читать книгу Евгении Ярославской-Маркон «По городам и весям». Из её очерка про Ташкент 1,tolk_tolk,t.me,,https://t.me/tolk_tolk/28657,
8a30f5b300d497c5,0.0,"Толкователь Продолжаю наблюдение за одной и той же заправкой у нас, на въезде в Загорянку (де-юре это ещё земл",tolk_tolk,t.me,,https://t.me/tolk_tolk/28902,
1b91ea4a26774b4f,0.2,Толкователь Продолжаем читать опрос ЦСП «Платформа». Снова видим огромный поколенческий разрыв в России. Молод,tolk_tolk,t.me,,https://t.me/tolk_tolk/28651,
591415ea72af04de,0.2,"Толкователь Прогноз Ахиезера из 1979 года: после распада СССР – власть монополий, латиноамериканизация культур",tolk_tolk,t.me,,https://t.me/tolk_tolk/29438,
97516c51264c4614,0.2,Толкователь Про зловещего освенцимского доктора Йозефа Менгеле слышали много. А вот как сложилась судьба его н,tolk_tolk,t.me,,https://t.me/tolk_tolk/28666,
81075ba33ed2abfa,0.2,"Толкователь Представления россиян, кто сейчас принимает решения, и кто должен принимать их в «идеальной России",tolk_tolk,t.me,,https://t.me/tolk_tolk/28588,
0dc11202d99a96e0,0.0,"Толкователь Правые и либералы часто говорят, что социализм якобы провалился по всему миру. Оставим за скобками",tolk_tolk,t.me,,https://t.me/tolk_tolk/29365,
f99cec1f9dbaa474,0.2,Толкователь Почитал научную статью о политических взглядах казачества в Гражданскую войну. На самом деле актив,tolk_tolk,t.me,,https://t.me/tolk_tolk/29303,
7b724f872aced69f,0.2,"Толкователь Почему со времени античности такой широкий спрос был на благовония? Популярное мнение, что они исп",tolk_tolk,t.me,,https://t.me/tolk_tolk/29436,
0fcd42eebd765ecc,0.2,"Толкователь Почему первой страной в мире, где кружки в пивных стали стеклянными, была Англия: «Выражение «взят",tolk_tolk,t.me,,https://t.me/tolk_tolk/29435,
c25cd11d67f11c68,0.2,Толкователь Почему Запад больше не будет насаждать «западные ценности» в остальном мире – на примере Афганиста,tolk_tolk,t.me,,https://t.me/tolk_tolk/28904,
d8cb0521ddbf2172,0.2,Толкователь Почему Владимир Набоков никогда не будет прочитан массовым читателем и навсегда останется автором,tolk_tolk,t.me,,https://t.me/tolk_tolk/29421,
16901d0d4f563eb8,0.25,"Толкователь Потрясает, что только в 1970-80-е годы демографы начали изучать, а что же побуждает людей к деторо",tolk_tolk,t.me,,https://t.me/tolk_tolk/28723,
ae3105d76529b809,0.2,"Толкователь Посмотрел, что думает о нынешнем периоде автор «Русской системы управления», топ-менеджер и эконом",tolk_tolk,t.me,,https://t.me/tolk_tolk/28503,
1aae52bc7e4cdcef,0.2,Толкователь Послушал выступление на ПМЭФ первого зампреда Комитета по информации Госдумы Антона Горелкина по п,tolk_tolk,t.me,,https://t.me/tolk_tolk/28591,
0566448d0efbfa55,0.25,"Толкователь Полвека назад ещё обсуждали, как оживить пространство между Ленинградом и Москвой. На даче продолж",tolk_tolk,t.me,,https://t.me/tolk_tolk/28730,
f8be9e317049332a,0.2,"Толкователь Подумалось, что нынешний поворот России на Юг и Восток – это стратегия Троцкого, а чуть позже и Ле",tolk_tolk,t.me,,https://t.me/tolk_tolk/28659,
fad85ce125738b5f,0.2,Толкователь Повесть Михаила Пруссака написана в 1927 году. В американской Калифорнии приземляется корабль с ма,tolk_tolk,t.me,,https://t.me/tolk_tolk/29520,
9458f1c89bf78ddd,0.2,"Толкователь Панама, Доминиканская Республика и Ямайка возглавляют список стран в Keeper, где самый высокий про",tolk_tolk,t.me,,https://t.me/tolk_tolk/28531,
461fdb226e6f7e09,0.0,"Толкователь Основатель методологии, игротехник Георгий Щедровицкий, 1988 год: «В течение уже многих лет мне пр",tolk_tolk,t.me,,https://t.me/tolk_tolk/28561,
3aacf4ae7bc7310c,0.2,Толкователь Основа woke-движения – это добиться признания себя ущемлённой группой. В развитых странах многие л,tolk_tolk,t.me,,https://t.me/tolk_tolk/29521,
efc17cdb61b328f2,0.0,"Толкователь Опросы общественного мнения 1960-х годов показывали, что молодые американцы больше поддерживали уч",tolk_tolk,t.me,,https://t.me/tolk_tolk/29031,
7b4c883f07592649,0.25,"Толкователь Опрос Warc в 9 странах мира, какие явления приносят людям радость. И сравнение двух опросов – в ию",tolk_tolk,t.me,,https://t.me/tolk_tolk/28668,
b1fd0a6436212187,0.0,"Толкователь Оказывается, в США самые либеральные и самые консервативные жёны с наибольшей вероятностью сообщаю",tolk_tolk,t.me,,https://t.me/tolk_tolk/28550,
10e1d5c3e2363e33,0.0,"Толкователь Оказывается, в России есть «Союз пешеходов» - сейчас увидел на одном телеканале, как их представит",tolk_tolk,t.me,,https://t.me/tolk_tolk/28887,
1bd0f86fafd7ec71,0.2,"Толкователь Оказывается, в Оренбург уже завезли сенегальцев (Западная Африка) для работы дворниками. Местный м",tolk_tolk,t.me,,https://t.me/tolk_tolk/28888,
3d3fc60a4b17c038,0.0,"Толкователь Оказывается, Чубайсу назначили пенсию 450 тыс. руб. в месяц. Вот на такую пенсию можно жить. Я уже",tolk_tolk,t.me,,https://t.me/tolk_tolk/28570,
942591274aee26dd,0.0,"Толкователь Объявили цены на новую «Волгу»: «Седан Volga C50 оценили в 2.899.000 рублей, кроссовер Volga K40 -",tolk_tolk,t.me,,https://t.me/tolk_tolk/28537,
eb0f45917c96266e,0.2,"Толкователь Общим местом стало утверждение, что в развитых странах приверженцы левых идей – это высокообразова",tolk_tolk,t.me,,https://t.me/tolk_tolk/29242,
92ebb04b827eb697,0.0,"Толкователь О трудоголизме наций. На даче перечитываю архив старых бумажных номеров «Науки и жизни». В №5, 198",tolk_tolk,t.me,,https://t.me/tolk_tolk/29358,
8148835de658b71a,0.25,Толкователь О мечтах российских архаиков отправить миллионы людей на заводы: «Развитие робототехники и беспило,tolk_tolk,t.me,,https://t.me/tolk_tolk/28573,
f841b37326bd9556,0.2,Толкователь О завершении целой эпохи В субботу в подмосковном санатории под Истрой прошел XIX съезд компартии,tolk_tolk,t.me,,https://t.me/tolk_tolk/28733,
a8af7a7ecb1bd82a,0.25,"Толкователь О главной роли Дзержинского. Как вчера уже упоминал, на даче перечитываю бумажный архив журнала «Н",tolk_tolk,t.me,,https://t.me/tolk_tolk/28602,
06dbe3d74508b760,0.0,"Толкователь О вреде обобщений. Поскольку представительницы женских движений говорят, что женщин нужно защищать",tolk_tolk,t.me,,https://t.me/tolk_tolk/28727,
b633f2e740a402cb,0.25,"Толкователь Низкая рождаемость в Восточной Азии - это всемирное явление, а не ограниченное только Восточной Аз",tolk_tolk,t.me,,https://t.me/tolk_tolk/29352,
ffae0758abe36e21,0.2,"Толкователь Несмотря на мощный политический заряд, ПМЭФ можно и нужно рассматривать как масштабную процедуру п",tolk_tolk,t.me,,https://t.me/tolk_tolk/28589,
0b991509b0b2efbe,0.2,"Толкователь Нейросеть довольно хорошо расписала, что не так с предустановкой ИИ «Алиса», который ещё и невозмо",tolk_tolk,t.me,,https://t.me/tolk_tolk/29515,
2a9a0488609503a8,0.25,Толкователь Недавно цитировал исследование Института Африки РАН о депопуляции В.Европы. Это главная функция та,tolk_tolk,t.me,,https://t.me/tolk_tolk/29172,
c58550fc6d59ff9d,0.2,"Толкователь Не только в Дании, но и в Голландии есть статистика по вкладу или убытку мигрантов. Мигранты мигра",tolk_tolk,t.me,,https://t.me/tolk_tolk/28663,
c02df9fb5d7ce096,0.2,"Толкователь Не раз писал, что низовая опора Системы, её приводные механизмы, состоит из возрастных женщин. В ж",tolk_tolk,t.me,,https://t.me/tolk_tolk/29015,
cf74caa8ed7ddb16,0.0,Толкователь Не знал про такой трагический финал жизни одного из лучших виноделов СССР. Увидел в книге Александ,tolk_tolk,t.me,,https://t.me/tolk_tolk/28899,
f8f1548eec4de96c,0.0,Толкователь Наше начальство всё ещё живёт прошлым – оно сосредоточено на росте численности населения Сибири и,tolk_tolk,t.me,,https://t.me/tolk_tolk/29231,
14dc7278d4baf364,0.2,"Толкователь Начал читать книгу путевых очерков «По городам и весям», впервые опубликованной в берлинской меньш",tolk_tolk,t.me,,https://t.me/tolk_tolk/28605,
7b201eee205c167f,0.2,"Толкователь Начал читать книгу Томаса Вагнера «Неистовый модерн. Великая эпоха социологии. 1949–1969», только",tolk_tolk,t.me,,https://t.me/tolk_tolk/29299,
12990a4a669bb603,0.2,"Толкователь Начал читать книгу «Видимая рука: государство и экономическое развитие в Китае», изданную Институт",tolk_tolk,t.me,,https://t.me/tolk_tolk/28528,
6e6efe0fe3efe31a,0.2,"Толкователь Найден AI-бот, который за несколько минут сделает расшифровку ваших встреч, совещаний или лекций.",tolk_tolk,t.me,,https://t.me/tolk_tolk/28553,
621f48c239187f8c,0.25,"Толкователь На контрасте с первым днём на ПМЭФ экспертные дискуссии сместили фокус на то, что сейчас наиболее",tolk_tolk,t.me,,https://t.me/tolk_tolk/28576,
422a803c8efd1140,0.2,"Толкователь На днях появилась новость о том, что премьер-министр Михаил Мишустин поручил проанализировать эффе",tolk_tolk,t.me,,https://t.me/tolk_tolk/29510,
747b848e46d00605,0.0,"Толкователь На даче читаю бумажный архив номеров журнала «Наука и жизнь» 1960-1980-х годов, и в одном из них у",tolk_tolk,t.me,,https://t.me/tolk_tolk/28601,
5a70684bd85d4dd2,0.2,"Толкователь На Блумберге вышла интересная статья о развитии Китая в сфере ИИ. Как выяснилось, санкции и запрет",tolk_tolk,t.me,,https://t.me/tolk_tolk/29357,
38084ffad9cc23dc,0.0,Толкователь Мы знаем политико-экономический термин «патернализм». А у политиэкономиста социал-демократического,tolk_tolk,t.me,,https://t.me/tolk_tolk/29239,
6ac71cb9f1c2bb21,0.0,Толкователь Музыку какого периода предпочитают те или иные поколения. У каждого поколения есть временной пик (,tolk_tolk,t.me,,https://t.me/tolk_tolk/29020,
520155103bc48205,0.0,Толкователь Молодые мужчины с низким уровнем образования потеряли больше всего относительного экономического с,tolk_tolk,t.me,,https://t.me/tolk_tolk/29306,
ba5ef3702ba49f40,0.2,"Толкователь Многодетная мать-одиночка просит помочь привести в порядок дом. Братья и сестры, отзовитесь. ""Здра",tolk_tolk,t.me,,https://t.me/tolk_tolk/29295,
e4d034ae2f6c2ed9,0.0,"Толкователь Много раз писал, что ВИЭ и автономная энергетика сегодня не просто вопрос стоимости (энергия солнц",tolk_tolk,t.me,,https://t.me/tolk_tolk/28598,
08c520fe89e88704,0.2,"Толкователь Много пишу о том, что во всех развитых странах единственный бурно растущий сектор с новыми рабочим",tolk_tolk,t.me,,https://t.me/tolk_tolk/28587,
2085a526e0618f44,0.0,"Толкователь Кто для банков самый ценный клиент. Конечно, женщины. А среди женщин – возрастные (стержень, опора",tolk_tolk,t.me,,https://t.me/tolk_tolk/29369,
bf757bb611458a5d,0.2,Толкователь Контуры «русской асабийи». Что дальше и после? Лето выдалось в России очень горячим. Оптимисты сег,tolk_tolk,t.me,,https://t.me/tolk_tolk/29028,
43a217dcc3906434,0.2,Толкователь Константин Кавелин пишет Тимофею Грановскому в письме от 5 сентября 1848 года: «Всего отвратительн,tolk_tolk,t.me,,https://t.me/tolk_tolk/28551,
23f65350f0899a98,0.0,Толкователь Количество действующих мечетей по регионам СССР в 1952 году. Почти всё логично: главная активность,tolk_tolk,t.me,,https://t.me/tolk_tolk/28897,
f066bc3bdcf1546e,0.2,"Толкователь Ко вчерашней теме брахманов в Индии. Увидел в индийских СМИ , как высшие касты застолбили за собой",tolk_tolk,t.me,,https://t.me/tolk_tolk/29022,
ebb8be6a537ee440,0.2,Толкователь Китайское меньшинство в странах Восточной Азии контролирует бОльшую часть местных экономик. Наприм,tolk_tolk,t.me,,https://t.me/tolk_tolk/28507,
9a8b713d618e830f,0.0,Толкователь Какой был первый указ немцев на оккупированных территориях СССР? Встретил в ЖЖ свой пост от 2017 г,tolk_tolk,t.me,,https://t.me/tolk_tolk/29241,
2b87c345e7d34a18,0.0,"Толкователь Каким мог бы стать флаг РСФСР. А может, был бы такой флаг и в современной России. Первое совещание",tolk_tolk,t.me,,https://t.me/tolk_tolk/28661,
c7c20966772e5154,0.0,"Толкователь Как часто вы пьёте, предсказывает, насколько быстро вы готовы к сексу, особенно если вы женщина. Ж",tolk_tolk,t.me,,https://t.me/tolk_tolk/29513,
5745eeddf42beb73,0.2,"Толкователь Как советские диссиденты, эмигрировав на Запад, поняли, что они чужие в их интеллектуальном мире:",tolk_tolk,t.me,,https://t.me/tolk_tolk/28898,
426fbd8d2e35f460,0.2,Толкователь Как сильно различались две концепции «стратегических задач России в ХХ веке». Они кратко описаны в,tolk_tolk,t.me,,https://t.me/tolk_tolk/29177,
1c93d3980d6b4cda,0.0,Толкователь Как распознать таланта по физиологическим признакам. Крайне математически и вербально одарённые де,tolk_tolk,t.me,,https://t.me/tolk_tolk/29434,
ce2763a8e3c8b5f5,0.0,"Толкователь Как обычно в субботу, на шаббат, занимался само-психотерапевтией – готовил несколько блюд (завтра",tolk_tolk,t.me,,https://t.me/tolk_tolk/29302,
a98d0440b5af6772,0.2,"Толкователь Как не раз указывал, СССР был одним из главных основоположников феминизма в мире. На даче продолжа",tolk_tolk,t.me,,https://t.me/tolk_tolk/29509,
cfcbfbc94a467a5d,0.0,Толкователь Как надо писать реалистичные книги: «Последний роман «Чёрная металлургия» (так и не законченный) Ф,tolk_tolk,t.me,,https://t.me/tolk_tolk/28604,
6043bbc33a8a27c2,0.2,Толкователь Как культура мышления помогает понять себя и других — и становиться лучше? На протяжении тысячелет,tolk_tolk,t.me,,https://t.me/tolk_tolk/29225,
c96f891343773626,0.2,"Толкователь Как война может менять гендер. Это описывает историк Лори Стофф на примере женщин, тайно записывав",tolk_tolk,t.me,,https://t.me/tolk_tolk/29236,
7724be9e63a88512,0.25,Толкователь Как важно погружать себя в контекст истории. Для начала индустриального периода какие только не на,tolk_tolk,t.me,,https://t.me/tolk_tolk/29422,
9c4887ed282c8d62,0.2,Толкователь К предыдущему посту. Чтобы не быть голословным про самых несчастных – матерей-одиночек. Согласно д,tolk_tolk,t.me,,https://t.me/tolk_tolk/28560,
b95edeeb56af4a51,0.2,"Толкователь К предыдущему посту. Отмечу, что мужчины-психопаты наиболее опасны для других мужчин, а не женщин.",tolk_tolk,t.me,,https://t.me/tolk_tolk/28542,
0b6a52853cf64e1d,0.0,"Толкователь К последним строкам. Например, монахам и монахиням никто не ставит в укор их выбор. И никогда в ис",tolk_tolk,t.me,,https://t.me/tolk_tolk/28559,
e05136b06db4d1e6,0.2,Толкователь Историк Пескун в хорошей книге «Термидор в СССР. Идеи Л.Д.Троцкого и советская действительность 19,tolk_tolk,t.me,,https://t.me/tolk_tolk/29293,
5e01896b686ae70f,0.0,"Толкователь Интересный взгляд западных военных историков: прекращение европеизации России – это её ослабление,",tolk_tolk,t.me,,https://t.me/tolk_tolk/29026,
5dcc69f2f88fd50e,0.25,Толкователь Интересная информация для увлекающихся демографией (с демографической секции Центрального Дома учё,tolk_tolk,t.me,,https://t.me/tolk_tolk/28547,
a1783f105e666eff,0.0,"Толкователь Инсульт всего в 15 лет. Мама плачет. Сергей занимался плаванием, волейболом, окончил музыкальную ш",tolk_tolk,t.me,,https://t.me/tolk_tolk/29011,
d58a9c5760617b69,0.0,Толкователь Инвестиционные проекты сети «Ёбидоёби» 🍣 Доставка суши и роллов ищет инвесторов в успешных партнёр,tolk_tolk,t.me,,https://t.me/tolk_tolk/28654,
eb9b4eacb4225f16,0.0,Толкователь Издания с тематикой казённого патриотизма никогда в России не пользовались популярностью. Финансов,tolk_tolk,t.me,,https://t.me/tolk_tolk/28900,
91b36a4707967103,0.2,"Толкователь Из сегодняшнего заявления ЦБ (где ставку снизили всего на 0,25 п.п.): «Бюджетная политика на трёхл",tolk_tolk,t.me,,https://t.me/tolk_tolk/28721,
4a41e123344af306,0.0,"Толкователь Из кого состоят 3-4 России и что они думают о власти Написал небольшой пост на 5 тыс. знаков, как",tolk_tolk,t.me,,https://t.me/tolk_tolk/28580,
1848893a196c15cc,0.2,Толкователь Из 333 тысяч новых немецких граждан в 2025 году половина приходится на арабов/ выходцев из Ближнег,tolk_tolk,t.me,,https://t.me/tolk_tolk/29305,
109d3951a3e0795e,0.0,"Толкователь И почти в тему к последнему посту. К китайским данным нет доверия не только в области экономики, к",tolk_tolk,t.me,,https://t.me/tolk_tolk/29354,
8c5ffd24e6edb59d,0.2,"Толкователь И ещё из биографии Ленина, авторства Льва Данилкина. В этом отрывке описание жизни пролетариата на",tolk_tolk,t.me,,https://t.me/tolk_tolk/28660,
0f00b9775a280bb9,0.0,"Толкователь И в этом же номере «Науки и жизни», №10, 1979, есть ещё две большие статьи о ВИЭ. Тоже огромный ко",tolk_tolk,t.me,,https://t.me/tolk_tolk/29511,
af6eebba57085f7c,0.2,"Толкователь И в продолжение сегодняшней темы про электромобилизацию. Увы, Россия снова пропускает и этот техно",tolk_tolk,t.me,,https://t.me/tolk_tolk/29420,
109a945260229645,0.0,"Толкователь И в очередной раз иллюстрация того, что молодёжь у нас мало политизированная, её главные устремлен",tolk_tolk,t.me,,https://t.me/tolk_tolk/29232,
8833368eeea28683,0.2,"Толкователь Знаменитый текст писателя, Нобелевского лауреата Бунина о русском народе (из «Окаянных дней»). Лиш",tolk_tolk,t.me,,https://t.me/tolk_tolk/28505,
f219aef9a67b692b,0.0,Толкователь За какую партию отдадите голос на выборах в ГД Anonymous Poll 6% Единая Россия 31% КПРФ 7% ЛДПР 58,tolk_tolk,t.me,,https://t.me/tolk_tolk/29228,
e0aa9635ead17218,0.25,Толкователь Ещё один вывод советских демографов и социальных психологов: «Массово материальное стимулирование,tolk_tolk,t.me,,https://t.me/tolk_tolk/28724,
a37e054328f72022,0.0,Толкователь Ещё интересная футурология от высших интеллектуалов США 1960-х годов. Знаменитый Белл пишет: «Если,tolk_tolk,t.me,,https://t.me/tolk_tolk/29527,
efc6d135f5bbc9fc,0.0,Толкователь Ещё из выступления известного психиатра Ениколопова в Никитском клубе Мосбиржи: «По данным одного,tolk_tolk,t.me,,https://t.me/tolk_tolk/29224,
2602b6fc2e360567,0.2,"Толкователь Есть история, ставшая известной не так давно, про «параноика» писателя Хемингуэя. Ему казалось, чт",tolk_tolk,t.me,,https://t.me/tolk_tolk/28518,
7d5ba933a0215dd7,0.25,"Толкователь Если запереть молодёжь в республиках Средней Азии, не давать им выезд на работу в Россию, то местн",tolk_tolk,t.me,,https://t.me/tolk_tolk/29287,
1ab7079fc9975bcc,0.2,"Толкователь Дополнение про развилку «Россия как вторая Финляндия, Польша, Канада и Австралия, ЮАР» К предыдуще",tolk_tolk,t.me,,https://t.me/tolk_tolk/28669,
d7de634c8b1cbc91,0.0,"Толкователь Для россиян подготовили цитатник Мао крылатые выражения товарища Си. Не удивлюсь, если российских",tolk_tolk,t.me,,https://t.me/tolk_tolk/29368,
14ee0b0457f904c4,0.2,Толкователь Диаграмма месяца: сколько Россия тратит на оборону и долго ли можно держать такие траты На майском,tolk_tolk,t.me,,https://t.me/tolk_tolk/29226,
d12ff72e096e68b4,0.0,"Толкователь Деревня в Верхневолжье, 1890-е годы. Как обычно, бросается в глаза отсутствие палисадников, деревь",tolk_tolk,t.me,,https://t.me/tolk_tolk/28517,
b70b53318323fcbd,0.2,"Толкователь Да, разумное объяснение у ув. Дмитрия Прокофьева, почему наше высшее начальство не воспринимает по",tolk_tolk,t.me,,https://t.me/tolk_tolk/29300,
588d85020672acb2,0.0,Толкователь График изменения среднегодовых температур может многое объяснить для понимания крупных исторически,tolk_tolk,t.me,,https://t.me/tolk_tolk/29238,
6827dec76a37a1c9,0.2,Толкователь Глядя на бесконечные «переговоры» США и Ирана. Стратегия Ирана понятная: затягивать переговоры как,tolk_tolk,t.me,,https://t.me/tolk_tolk/28545,
0db3aa77eadb98a5,0.2,Толкователь Вышла главная книга об искусственном интеллекте с точки зрения историка культуры и социолога: «Эле,tolk_tolk,t.me,,https://t.me/tolk_tolk/29176,
08b5d3e9be866d14,0.2,"Толкователь Вчера указывал, что в XVIII веке военные соперники России (Швеция, Пруссия) стремились прекратить",tolk_tolk,t.me,,https://t.me/tolk_tolk/29029,
6cbd35da7d4e39d2,0.2,"Толкователь Вчера появились сообщения, что мощности НПЗ уменьшились на 35%. За сутки до этого я в своём тексте",tolk_tolk,t.me,,https://t.me/tolk_tolk/28896,
a66cc824eb5d1a70,0.2,"Толкователь Вчера вновь упоминал тему мужчин-психопатов, на которых приходится большинство насильственных прес",tolk_tolk,t.me,,https://t.me/tolk_tolk/28541,
6333beb99ed83e5c,0.2,"Толкователь Вторая часть интервью казанскому изданию «Татар-информ». Тут больше о современности, но тоже с отс",tolk_tolk,t.me,,https://t.me/tolk_tolk/29240,
0e20af4524db683e,0.0,"Толкователь Всё верно пишет ув. Евгений Кузнецов про то, что солнечная энергия стала дешевле газовой. Пустыни",tolk_tolk,t.me,,https://t.me/tolk_tolk/28515,
ad278748c05891f7,0.2,"Толкователь Встретил свой прогноз из весны 2021 года, и оказалось, я был прав. «Несколько дней назад приводил",tolk_tolk,t.me,,https://t.me/tolk_tolk/28549,
bfb40f46ed61eb99,0.0,"Толкователь Встретил очень яркую и циничную цитату из главы Евросоюза Хавьера Соланы в 2004 году, «как решить",tolk_tolk,t.me,,https://t.me/tolk_tolk/29361,
28be030792c7c2df,0.2,"Толкователь Встретил в журнале «Знание-Сила», №12, 2011 (т.е. за пятнадцать лет до нашего дня) у к.п.н., извес",tolk_tolk,t.me,,https://t.me/tolk_tolk/29359,
69453341eb549178,0.2,Толкователь Возвращаясь к наблюдениям гуру методологов Георгия Щедровицкого. А в чём он оказался неправ? https,tolk_tolk,t.me,,https://t.me/tolk_tolk/28563,
16ce8002f02911d1,0.2,Толкователь Во временной формации XVI-XVII веков – эпохе централизации России - мы сильно недооцениваем роль к,tolk_tolk,t.me,,https://t.me/tolk_tolk/29423,
d9d7378e343626aa,0.25,"Толкователь Влияет ли IQ человека на вероятность жестокого поведения? Данные крупного, национального репрезент",tolk_tolk,t.me,,https://t.me/tolk_tolk/28735,
72e4b306399ffab1,0.2,"Толкователь Великий британский экономист Джон Мейнард Кейнс в 1930 году предсказал, что благодаря росту произв",tolk_tolk,t.me,,https://t.me/tolk_tolk/29526,
de2389d38d71c592,0.2,Толкователь ВЕДОМОСТИ Более 70% рекламодателей планируют продвижение у Telegram-блогеров в 2027 году при услов,tolk_tolk,t.me,,https://t.me/tolk_tolk/29349,
48e6ee836dde33bc,0.2,"Толкователь В том же номере НиЖ, №3, 1973, встретил большую статью о причинах изменения климата. Сейчас под во",tolk_tolk,t.me,,https://t.me/tolk_tolk/28737,
9ae5647c75092d6b,0.0,"Толкователь В работе нашего великого политического философа Александра Ахиезера (2002 год), посвящённой кочевн",tolk_tolk,t.me,,https://t.me/tolk_tolk/28892,
febe36d34430c3c0,0.0,Толкователь В копилку советской Ленинианы. 😭 83 🔥 80 👀 25 ❤ 24 👍 10 😱 10 🤔 5 15.7K views 11:19,tolk_tolk,t.me,,https://t.me/tolk_tolk/29363,
977d1acd5396b9a2,0.25,"Толкователь В книге социального антрополога, профессора одного американского университета (который теперь нель",tolk_tolk,t.me,,https://t.me/tolk_tolk/28585,
426706fd289f8015,0.2,"Толкователь В выходные народное видео. Впервые увидел, как разбирают пианино на металл. Оказывается, там есть",tolk_tolk,t.me,,https://t.me/tolk_tolk/28655,
735454360ddede93,0.2,"Толкователь В США, да и по всему миру, молодёжь теперь существенно меньше пьёт алкоголь, курит табак и марихуа",tolk_tolk,t.me,,https://t.me/tolk_tolk/29021,
efbe1433f85a3ddf,0.2,Толкователь В США после 2005 года большинство новых докторских степеней получают женщины. Похожие тенденции на,tolk_tolk,t.me,,https://t.me/tolk_tolk/29234,
97e1a1507089cb68,0.2,"Толкователь В США в штате Миннесота чернокожие составляют чуть более 6% населения, но они совершают 76% всех у",tolk_tolk,t.me,,https://t.me/tolk_tolk/28532,
9ecb21329361e790,0.2,"Толкователь В США в каждой возрастной группе уровень брачности среди мужчин, имеющих степень бакалавра, выше,",tolk_tolk,t.me,,https://t.me/tolk_tolk/29419,
00a8c0bac8b22aa4,0.0,"Толкователь В СССР в 1975 году люди на питание тратили столько же, сколько в России в 2026 году Снова возвраща",tolk_tolk,t.me,,https://t.me/tolk_tolk/28740,
9e77ab8f648ecf2f,0.2,"Толкователь В России сейчас мощнейший тренд на внутренние путешествия. Даже зумеры, которых раньше сложно было",tolk_tolk,t.me,,https://t.me/tolk_tolk/28508,
a39e307186089b58,0.2,Толкователь В Казани дал большое интервью местному изданию «Татар-Информ». Вышла первая его часть. Поговорили,tolk_tolk,t.me,,https://t.me/tolk_tolk/29182,
052166985cc87df0,0.0,Толкователь В 2022 году в связи с появлением более приоритетной задачи всем стало всё равно на Ковид. Между те,tolk_tolk,t.me,,https://t.me/tolk_tolk/29019,
e696275bfefeed1a,0.2,"Толкователь Британский экономист Пол Колиер в книге «Будущее капитализма» показывает, что не так с технократич",tolk_tolk,t.me,,https://t.me/tolk_tolk/29183,
6581fc011ab76e6e,0.2,Толкователь Бизнес поддерживает научную классику! На ПМЭФ презентовали переиздание работ выдающихся ученых и п,tolk_tolk,t.me,,https://t.me/tolk_tolk/28572,
fc2d4f8217c68f75,0.0,Толкователь Бензин по талонам или по 300 рублей за литр? Написал небольшой текст на 8 тыс. знаков про главную,tolk_tolk,t.me,,https://t.me/tolk_tolk/28886,
fde66baa091a68aa,0.0,"Толкователь Бали давно перестал быть просто курортом. Это точка, куда переезжают со всего Мира, инвестируют и",tolk_tolk,t.me,,https://t.me/tolk_tolk/28728,
7733ec82bf07c59f,0.2,"Толкователь Апокалиптике про то, что скоро все природные ресурсы закончатся, уже полвека. Снова скан из книги",tolk_tolk,t.me,,https://t.me/tolk_tolk/29185,
37f0c45a401036b4,0.2,"Толкователь Американцы доверяют всем крупным институтам гораздо меньше, чем 50 лет назад. Кроме одного институ",tolk_tolk,t.me,,https://t.me/tolk_tolk/29174,
62ca62f30d94ecfa,0.2,Толкователь Академик Никита Николаевич Моисеев (1917-2000) один из самых знаменитых советских визионеров. Посл,tolk_tolk,t.me,,https://t.me/tolk_tolk/28903,
95c8632bc45cc3d7,0.0,"Толкователь Айлина мечтала спасать, но теперь помощь нужна ей самой. Она училась в колледже МЧС, мечтала спаса",tolk_tolk,t.me,,https://t.me/tolk_tolk/28565,
11a5843eb5bba639,0.0,"Толкователь «Шаги компьютеризации», плакат - Геннадий Битюцкий, 1990 год. 🔥 201 👍 43 ❤ 21 💯 12 😭 10 🤔 6 🆒 2 23",tolk_tolk,t.me,,https://t.me/tolk_tolk/28890,
d4cacb2a9c51e689,0.0,Толкователь «Хотим жить в социалистическом обществе» - последнюю четверть века это желание россиян всегда прев,tolk_tolk,t.me,,https://t.me/tolk_tolk/28510,
28d5178eabb7b5ad,0.2,"Толкователь «Население Молдавии из-за роста уровня бедности и эмиграции к 2040 году может сократиться на 27%,",tolk_tolk,t.me,,https://t.me/tolk_tolk/28538,
244eb019c7ed63a7,0.2,"Толкователь «Красная армия», Алексей Жибинов, 1931 год. Почитал про художника Жибинова. Он сибиряк, ученик Пав",tolk_tolk,t.me,,https://t.me/tolk_tolk/28506,
c66a04e063daf880,0.25,Толкователь Forwarded from Соседи. Якиманка-Замоскворечье Грандиозный скандал в Третьяковке — на выставку рабо,tolk_tolk,t.me,,https://t.me/tolk_tolk/28509,
91cfe9f0c1c4297b,0.0,Толкователь Forwarded from Сергей Собянин. Личный блог 🐎 Москва готова к участию в ПМЭФ-2026 Что общего между,tolk_tolk,t.me,,https://t.me/tolk_tolk/28554,
2b30b975b6f89d83,0.2,Толкователь Forwarded from Сергей Собянин. Личный блог 🐎 Коммунарка: как создается новый городской центр Москв,tolk_tolk,t.me,,https://t.me/tolk_tolk/28533,
e7ccf68a0d6efa23,0.2,Толкователь Forwarded from Сергей Собянин. Личный блог 0:43 Media is too big VIEW IN TELEGRAM 🏗 🏗 День строите,tolk_tolk,t.me,,https://t.me/tolk_tolk/29184,
b9a08d44af9cc4df,0.2,Толкователь Forwarded from Мэр Москвы Сергей Собянин Почти 40 новых сооружений пополнили социальную инфраструк,tolk_tolk,t.me,,https://t.me/tolk_tolk/29169,
a6170d921b788811,0.25,Толкователь Forwarded from Мэр Москвы Сергей Собянин Москва готова тиражировать цифровое мастер-планирование в,tolk_tolk,t.me,,https://t.me/tolk_tolk/28590,
5526189d2283948d,0.2,"Толкователь Forwarded from Мэр Москвы Сергей Собянин 1:45 Media is too big VIEW IN TELEGRAM В День города, по",tolk_tolk,t.me,,https://t.me/tolk_tolk/29424,
4ffaa8eb6bf1dc1a,0.25,"Толкователь Forwarded from МИГ России Атомная энергетика является именно той отраслью, в которой глобальное ро",tolk_tolk,t.me,,https://t.me/tolk_tolk/29292,
29eee6c13b5b3a1c,0.0,"Толкователь Forwarded from Источник в ВЭБе Игорь Шувалов: история — это надзирательница, которая преподаст уро",tolk_tolk,t.me,,https://t.me/tolk_tolk/28581,
502027d2ba4c373f,0.2,Толкователь Forwarded from Деньги и песец Что надо понимать по поводу экономики советского модернизационного п,tolk_tolk,t.me,,https://t.me/tolk_tolk/29180,
2e9eacb4a1c2593e,0.25,Толкователь Forwarded from Деньги и песец В дополнение к этому наблюдению ув. Павла Пряникова (о соотношении п,tolk_tolk,t.me,,https://t.me/tolk_tolk/28596,
08976c30ab0c1cc6,0.2,"Толкователь Forwarded from Деньги и песец ""Бумаги"" и революция ""Если письменность столь неразрывно связана с г",tolk_tolk,t.me,,https://t.me/tolk_tolk/28731,
6452a8e9d8039e14,0.25,"Толкователь Forwarded from Proeconomics-Realty Я уже много раз обращал внимание на то, что подавляющее большин",tolk_tolk,t.me,,https://t.me/tolk_tolk/28667,
440308314d586bc1,0.2,Толкователь Forwarded from Proeconomics-Realty Обратите внимание – 54% москвичей хотят жить в частном доме или,tolk_tolk,t.me,,https://t.me/tolk_tolk/29237,
8e03b825fa2ae904,0.2,Толкователь Forwarded from Proeconomics-Realty Активность рынка недвижимости – во многом производная от демогр,tolk_tolk,t.me,,https://t.me/tolk_tolk/28739,
a6049c97194cd559,0.2,Толкователь Forwarded from Proeconomics-Realty «За первые четыре месяца 2026 года в московских новостройках по,tolk_tolk,t.me,,https://t.me/tolk_tolk/28536,
2137ea1f0f67c6a3,0.2,Толкователь Forwarded from Proeconomics-Realty (к предыдущему посту) Ещё один вывод из исследования: Подавляющ,tolk_tolk,t.me,,https://t.me/tolk_tolk/29519,
f38e0acf5ffe95f8,0.2,Толкователь Forwarded from Proeconomics Обязанности каких работников находятся под угрозой их замены ИИ? Након,tolk_tolk,t.me,,https://t.me/tolk_tolk/28889,
45f62ec96f2f20d2,0.2,"Толкователь Forwarded from Proeconomics Насколько инновационна страна, можно судить по такому показателю, как",tolk_tolk,t.me,,https://t.me/tolk_tolk/28665,
b2d0d11d3ee5b5d3,0.2,Толкователь Forwarded from Proeconomics Международная финансовая отчетность уже перестала быть такой эффективн,tolk_tolk,t.me,,https://t.me/tolk_tolk/28650,
f64f8dfb803ccb39,0.2,"Толкователь Forwarded from Proeconomics Кто выиграл от глобализации. Мировой чемпион – высший 0,1% России (от",tolk_tolk,t.me,,https://t.me/tolk_tolk/28519,
adda4578afb1316b,0.25,"Толкователь Forwarded from Proeconomics В США общая численность студентов падает, но спад сосредоточен в униве",tolk_tolk,t.me,,https://t.me/tolk_tolk/28738,
b1103e0c9e5dfb55,0.2,"Толкователь Forwarded from Proeconomics «Трансформация экономики», «суверенизация», «поворот на Восток», «лиде",tolk_tolk,t.me,,https://t.me/tolk_tolk/28512,
ac2c4320432eca89,0.0,Толкователь Forwarded from Proeconomics (продолжение предыдущего поста) Все мы знаем знаменитый американский г,tolk_tolk,t.me,,https://t.me/tolk_tolk/28562,
9745807db93685ef,0.2,Толкователь Forwarded from Evening Prophet Сегодня в каналах Толкователя и Деньги и Песец шла интереснейшая ди,tolk_tolk,t.me,,https://t.me/tolk_tolk/28736,
c85927bfa09afaf0,0.0,Толкователь Forbes составил мировой рейтинг долларовых миллиардеров возрастом до 30 лет. Их оказалось 35 челов,tolk_tolk,t.me,,https://t.me/tolk_tolk/28726,
ba79db1186d50dfb,0.2,Толкователь 0:45 This media is not supported in your browser VIEW IN TELEGRAM 🆘 МЫ РАСПИСАЛИ ЖИЗНЬ ПРИЮТА ДО В,tolk_tolk,t.me,,https://t.me/tolk_tolk/29023,
c93d8b444b995317,0.2,Толкователь 0:43 This media is not supported in your browser VIEW IN TELEGRAM АВГУСТ 🔺 🔺 🔺 🔺 🔺 НАШ ПРИЮТ! МЫ Н,tolk_tolk,t.me,,https://t.me/tolk_tolk/29364,
4c85b14d85067bd5,0.0,Толкователь 0:07 This media is not supported in your browser VIEW IN TELEGRAM ⚡️ Страшное ДТП. Малышка чудом в,tolk_tolk,t.me,,https://t.me/tolk_tolk/29164,
cd8a7d754bf899d8,0.25,Толкователь (продолжение предыдущего поста) Вторая тема. Надо быть реалистами. Никто таких денег – до 6 трлн р,tolk_tolk,t.me,,https://t.me/tolk_tolk/28558,
b3278dece2528628,0.2,"Толкователь (перечитывая «Огоньки» 1930-х годов) Интересно, что ещё в 1931-32 годах Сталин отвергал личность П",tolk_tolk,t.me,,https://t.me/tolk_tolk/28652,
9c9a8c5b5fcc2c1e,0.2,"Толкователь (к предыдущим постам) Вообще похоже, что любой «традиционализм» и «правый популизм» - это жёстко о",tolk_tolk,t.me,,https://t.me/tolk_tolk/28595,
b0dd08b149fae904,0.2,"Толкователь (к предыдущему репосту) Потому я бы на месте простых людей очень напрягался, когда начальство начи",tolk_tolk,t.me,,https://t.me/tolk_tolk/29181,
1b985e718ea22573,0.0,Толкователь (к предыдущему репосту) Очень хороший пример привёл уважаемый Дмитрий Прокофьев. В очередной раз у,tolk_tolk,t.me,,https://t.me/tolk_tolk/28732,
3e753da93a89d3f8,0.2,"Толкователь (к предыдущему репосту) Из таблицы получается, что бенефициары «новой России» - только высшие 10%",tolk_tolk,t.me,,https://t.me/tolk_tolk/28520,
a52c9b8a48993c99,0.2,Толкователь (к предыдущему репосту) Всё верно пишет ув. Дмитрий Прокофьев: ««устойчивый рост – это рост благос,tolk_tolk,t.me,,https://t.me/tolk_tolk/28597,
775d9d7efc6ed8c2,0.2,Толкователь (к предыдущему посту) Это шкала Инглхарта. Россию там можно найти в кластере Orthodox Europe – в о,tolk_tolk,t.me,,https://t.me/tolk_tolk/29223,
86e2937c4328e963,0.0,"Толкователь (к предыдущему посту) Экономический ущерб, нанесённый только четырьмя хроническими инфекционными б",tolk_tolk,t.me,,https://t.me/tolk_tolk/29018,
6a9dc6e4e5154664,0.0,"Толкователь (к предыдущему посту) Что интересно, по итогам 2022 года (уже времени СВО) украинцы были богаче ки",tolk_tolk,t.me,,https://t.me/tolk_tolk/28593,
32ac8436b20a2861,0.0,"Толкователь (к предыдущему посту) Часто пишу, в т.ч. со ссылкой на многих экономистов, что к различным китайск",tolk_tolk,t.me,,https://t.me/tolk_tolk/28529,
4401523248621e41,0.0,"Толкователь (к предыдущему посту) Россия же по итогам 2022 года была между Турцией и Венгрией. Думаю, к началу",tolk_tolk,t.me,,https://t.me/tolk_tolk/28594,
589008bfdce7cac0,0.2,Толкователь (к предыдущему посту) Опрос поставил с отсечением для ботов. Результаты совпадают со многими други,tolk_tolk,t.me,,https://t.me/tolk_tolk/29229,
a60ea038af14b3f9,0.2,"Толкователь (к предыдущему посту) На этом графике видно, что смертность мужчин выше смертности женщин в 4 раза",tolk_tolk,t.me,,https://t.me/tolk_tolk/29289,
ecb5a28f1db452d3,0.0,"Толкователь (к предыдущему посту) Мнение ещё одного социального психолога, что «воукизм» (woke) - это именно ж",tolk_tolk,t.me,,https://t.me/tolk_tolk/29235,
aa251bd756ed1d32,0.25,Толкователь (к предыдущему посту) Мне кажется – как гипотеза – надо смотреть на влияние IQ на рождаемость. Хор,tolk_tolk,t.me,,https://t.me/tolk_tolk/29353,
d7a828ab6a093578,0.0,"Толкователь (к предыдущему посту) Кстати, и в XXI веке действенна та же стратегия, что в XVIII веке. Противник",tolk_tolk,t.me,,https://t.me/tolk_tolk/29030,
5f2366ec6658d628,0.2,Толкователь (к предыдущему посту) Какие идеологии активно обсуждала наша экспертократия в области экономики («,tolk_tolk,t.me,,https://t.me/tolk_tolk/28511,
44909c34803a212c,0.2,Толкователь (к предыдущему посту) Из этого же доклада тоже интересная информация – что больше никто в мире не,tolk_tolk,t.me,,https://t.me/tolk_tolk/28574,
4c33a79e1c9c1fa1,0.0,"Толкователь (к предыдущему посту) Заодно подумалось, что нынешняя гонка ИИ между Китаем и США – косплей гонки",tolk_tolk,t.me,,https://t.me/tolk_tolk/29179,
72f0c5c31b1b2ce9,0.2,Толкователь (к предыдущему посту) Заодно о поколениях внутри асабийи. На днях оппозиционно-релокантская публик,tolk_tolk,t.me,,https://t.me/tolk_tolk/29301,
204c7ff8e0788a6f,0.2,"Толкователь (к предыдущему посту) Ещё по тиражам видно, насколько многие сегодня переоценивают популярность фи",tolk_tolk,t.me,,https://t.me/tolk_tolk/28901,
cdd8162f667be82c,0.2,"Толкователь (к предыдущему посту) Ещё недавно пришла мысль, что китайские реформы – это программа меньшевистск",tolk_tolk,t.me,,https://t.me/tolk_tolk/29516,
0641e7fb3cf849f7,0.2,"Толкователь (к предыдущему посту) Да, ещё наряду с США и Россией после 1917 года духовный брат-близнец – Израи",tolk_tolk,t.me,,https://t.me/tolk_tolk/28653,
1676a3e37288b40e,0.2,"Толкователь (к предыдущему посту) Все рассказы участниц женских движений о том, что «психопат (насильник, деви",tolk_tolk,t.me,,https://t.me/tolk_tolk/28543,
73186cf912b9e3d9,0.2,"Толкователь (к предыдущему посту) Возможно, такое высокое доверие к армии в США связано ещё и с очень высоким",tolk_tolk,t.me,,https://t.me/tolk_tolk/29175,
677ff9e4c0572bbe,0.2,"Толкователь (к предыдущему посту) Возможно, американцы старше 50 лет меньше поддерживали войну во Вьетнаме, че",tolk_tolk,t.me,,https://t.me/tolk_tolk/29032,
879e6349adc67b7b,0.0,"Толкователь (к предыдущему посту) В этой работе Голдин поразило, насколько ленивы в быту итальянские и испанск",tolk_tolk,t.me,,https://t.me/tolk_tolk/28895,
246574f31e507e5d,0.0,Толкователь (к предыдущему посту) В Китае разница между молодыми женщинами «чайлдфри» и молодыми мужчинами «ча,tolk_tolk,t.me,,https://t.me/tolk_tolk/28514,
d0f5f797eed48514,0.2,Толкователь (к предыдущему посту) А уж если удалось выгрызть себе какую-то передовую нишу в высокотехнологично,tolk_tolk,t.me,,https://t.me/tolk_tolk/28575,
1d98999b9db1c5a2,0.25,"Толкователь (к предыдущему посту) А также глядя на Молдавию и Украину, я бы прекращал стенания в России, что я",tolk_tolk,t.me,,https://t.me/tolk_tolk/28539,
c82eb6a804186041,0.2,Толкователь (к предыдущему посту) А вообще поражает масштаб учёбы и стажировок американских историков в СССР в,tolk_tolk,t.me,,https://t.me/tolk_tolk/29025,
